date,sender,message_id,type,text,file,status
2026-05-05,TheMcFreakery,40,photo,,evidence-files/TheMcFreakery/2026-05-05_msg-40_TheMcFreakery_photo.jpg,downloaded
2026-05-05,TheMcFreakery,41,photo,,evidence-files/TheMcFreakery/2026-05-05_msg-41_TheMcFreakery_photo.jpg,downloaded
2026-05-05,TheMcFreakery,42,photo,,evidence-files/TheMcFreakery/2026-05-05_msg-42_TheMcFreakery_photo.jpg,downloaded
2026-05-05,TheMcFreakery,43,photo,,evidence-files/TheMcFreakery/2026-05-05_msg-43_TheMcFreakery_photo.jpg,downloaded
2026-05-05,TheMcFreakery,44,photo,,evidence-files/TheMcFreakery/2026-05-05_msg-44_TheMcFreakery_photo.jpg,downloaded
2026-05-05,TheMcFreakery,45,photo,,evidence-files/TheMcFreakery/2026-05-05_msg-45_TheMcFreakery_photo.jpg,downloaded
2026-05-06,vlatkovlad,53,photo,,evidence-files/vlatkovlad/2026-05-06_msg-53_vlatkovlad_photo.jpg,downloaded
2026-05-06,TheMcFreakery,85,photo,,evidence-files/TheMcFreakery/2026-05-06_msg-85_TheMcFreakery_photo.jpg,downloaded
2026-05-06,honorable,94,photo,"OK, well we certainly can do this.   Conversation I’m having today",evidence-files/honorable/2026-05-06_msg-94_honorable_photo.jpg,downloaded
2026-05-06,richardconway,214,photo,Does anyone get this kind of response to a copyright appeal? It doesn't make a lot of sense but the strike seems to be removed once this email arrives.,evidence-files/richardconway/2026-05-06_msg-214_richardconway_photo.jpg,downloaded
2026-05-06,vlatkovlad,245,photo,,evidence-files/vlatkovlad/2026-05-06_msg-245_vlatkovlad_photo.jpg,downloaded
2026-05-06,honorable,264,photo,Were you getting a lot of notifications like this?,evidence-files/honorable/2026-05-06_msg-264_honorable_photo.jpg,downloaded
2026-05-06,vlatkovlad,267,photo,,evidence-files/vlatkovlad/2026-05-06_msg-267_vlatkovlad_photo.jpg,downloaded
2026-05-06,vlatkovlad,268,photo,,evidence-files/vlatkovlad/2026-05-06_msg-268_vlatkovlad_photo.jpg,downloaded
2026-05-06,vlatkovlad,269,photo,,evidence-files/vlatkovlad/2026-05-06_msg-269_vlatkovlad_photo.jpg,downloaded
2026-05-06,Carvideos,294,photo,,evidence-files/Carvideos/2026-05-06_msg-294_Carvideos_photo.jpg,downloaded
2026-05-06,Carvideos,295,photo,,evidence-files/Carvideos/2026-05-06_msg-295_Carvideos_photo.jpg,downloaded
2026-05-06,Carvideos,296,photo,,evidence-files/Carvideos/2026-05-06_msg-296_Carvideos_photo.jpg,downloaded
2026-05-06,Carvideos,297,photo,,evidence-files/Carvideos/2026-05-06_msg-297_Carvideos_photo.jpg,downloaded
2026-05-06,honorable,300,photo,I did have a copyright against a photos of me and an elephant by this guy,evidence-files/honorable/2026-05-06_msg-300_honorable_photo.jpg,downloaded
2026-05-06,honorable,308,photo,,evidence-files/honorable/2026-05-06_msg-308_honorable_photo.jpg,downloaded
2026-05-07,TheMcFreakery,365,video,,evidence-files/TheMcFreakery/2026-05-07_msg-365_TheMcFreakery_video.MOV,downloaded
2026-05-07,M CV,371,video,,evidence-files/M-CV/2026-05-07_msg-371_M-CV_video.MOV,downloaded
2026-05-07,TheMcFreakery,374,video,,evidence-files/TheMcFreakery/2026-05-07_msg-374_TheMcFreakery_video.MOV,downloaded
2026-05-07,M CV,398,photo,,evidence-files/M-CV/2026-05-07_msg-398_M-CV_photo.jpg,downloaded
2026-05-07,TheMcFreakery,430,video,,evidence-files/TheMcFreakery/2026-05-07_msg-430_TheMcFreakery_video.MP4,downloaded
2026-05-07,honorable,448,photo,"Insane, I tagged Meta and asked him to fix the issue and it blocked my comment. No one else can see it",evidence-files/honorable/2026-05-07_msg-448_honorable_photo.jpg,downloaded
2026-05-07,amex,482,photo,,evidence-files/amex/2026-05-07_msg-482_amex_photo.jpg,downloaded
2026-05-07,chunc,512,photo,It happened to this page a year ago too :/,evidence-files/chunc/2026-05-07_msg-512_chunc_photo.jpg,downloaded
2026-05-08,honorable,514,photo,Has anyone seen this one? This seems to be a new one. Can’t even get access to my Futuretech account.,evidence-files/honorable/2026-05-08_msg-514_honorable_photo.jpg,downloaded
2026-05-08,amex,523,photo,,evidence-files/amex/2026-05-08_msg-523_amex_photo.jpg,downloaded
2026-05-08,carvideos_ig,525,voice,,evidence-files/carvideos_ig/2026-05-08_msg-525_carvideos_ig_voice.ogg,downloaded
2026-05-08,LukeGosseling,545,photo,Has anyone in here ever had an ad taken down for copyright?😂,evidence-files/LukeGosseling/2026-05-08_msg-545_LukeGosseling_photo.jpg,downloaded
2026-05-08,LukeGosseling,567,photo,,evidence-files/LukeGosseling/2026-05-08_msg-567_LukeGosseling_photo.jpg,downloaded
2026-05-08,mrgusx,573,photo,,evidence-files/mrgusx/2026-05-08_msg-573_mrgusx_photo.jpg,downloaded
2026-05-08,mrgusx,574,photo,,evidence-files/mrgusx/2026-05-08_msg-574_mrgusx_photo.jpg,downloaded
2026-05-08,mrgusx,575,photo,,evidence-files/mrgusx/2026-05-08_msg-575_mrgusx_photo.jpg,downloaded
2026-05-08,manojkumardahiya,579,document,,evidence-files/manojkumardahiya/2026-05-08_msg-579_manojkumardahiya_document.PNG,downloaded
2026-05-08,manojkumardahiya,580,document,,evidence-files/manojkumardahiya/2026-05-08_msg-580_manojkumardahiya_document.PNG,downloaded
2026-05-08,manojkumardahiya,581,document,,evidence-files/manojkumardahiya/2026-05-08_msg-581_manojkumardahiya_document.png,downloaded
2026-05-08,manojkumardahiya,582,document,,evidence-files/manojkumardahiya/2026-05-08_msg-582_manojkumardahiya_document.PNG,downloaded
2026-05-08,manojkumardahiya,583,document,"Here's what happened with me until now, Follow my text with the image sequence for best understanding:  I owned @millionairestutor that had 600K followers.  I posted a usual reel from Johnny Harris crediting him and even giving link to his full video on 4 Feb 2026. I received a strike from economyarab21@proton.me on 18th Feb and to me this was the first copyright i ever got by now. I talked to few people and 90% them said it seems legit to them maybe from his team. Got advised to reach out to th",evidence-files/manojkumardahiya/2026-05-08_msg-583_manojkumardahiya_document.PNG,downloaded
2026-05-08,manojkumardahiya,584,document,,evidence-files/manojkumardahiya/2026-05-08_msg-584_manojkumardahiya_document.PNG,downloaded
2026-05-08,manojkumardahiya,585,document,,evidence-files/manojkumardahiya/2026-05-08_msg-585_manojkumardahiya_document.PNG,downloaded
2026-05-08,manojkumardahiya,586,document,"It was written on the form that this information will also be shared with the reporting party (the scammer). As expected, he got furious and within few mins sent me another strike from billionairedirector47@gmail.com which is another fake mail under name of my another client @billionairedirector and this is how the conversation went further 👇",evidence-files/manojkumardahiya/2026-05-08_msg-586_manojkumardahiya_document.PNG,downloaded
2026-05-08,manojkumardahiya,587,document,,evidence-files/manojkumardahiya/2026-05-08_msg-587_manojkumardahiya_document.PNG,downloaded
2026-05-08,manojkumardahiya,588,document,,evidence-files/manojkumardahiya/2026-05-08_msg-588_manojkumardahiya_document.PNG,downloaded
2026-05-08,manojkumardahiya,589,document,,evidence-files/manojkumardahiya/2026-05-08_msg-589_manojkumardahiya_document.PNG,downloaded
2026-05-08,manojkumardahiya,590,document,Also this is a old screenshot i received from a random guy. Idk how tf he even got my personal mail to contact me.,evidence-files/manojkumardahiya/2026-05-08_msg-590_manojkumardahiya_document.PNG,downloaded
2026-05-08,manojkumardahiya,590,document,Also this is a old screenshot i received from a random guy. Idk how tf he even got my personal mail to contact me. That looked same talking style i noticed.,evidence-files/manojkumardahiya/2026-05-08_msg-590_manojkumardahiya_document.PNG,downloaded
2026-05-08,manojkumardahiya,591,document,This was his contact.  After few days of talking with him he deleted this whatsapp account as well. I took help from Police and Cyber officials but seems like there was no information present even with a mobile number. Totally anon idk how.,evidence-files/manojkumardahiya/2026-05-08_msg-591_manojkumardahiya_document.jpg,downloaded
2026-05-08,manojkumardahiya,593,video,,,download failed: HTTP Error 400: Bad Request
2026-05-08,manojkumardahiya,601,document,,evidence-files/manojkumardahiya/2026-05-08_msg-601_manojkumardahiya_document.zip,downloaded
2026-05-08,manojkumardahiya,602,photo,Check the files in this zip 👆,evidence-files/manojkumardahiya/2026-05-08_msg-602_manojkumardahiya_photo.jpg,downloaded
2026-05-08,manojkumardahiya,602,photo,Check the files in this zip 👆  I analyzed the reporting method and this was the method he used on me and probably on some of your pages as well.,evidence-files/manojkumardahiya/2026-05-08_msg-602_manojkumardahiya_photo.jpg,downloaded
2026-05-08,Serenity_Found,605,photo,,evidence-files/Serenity_Found/2026-05-08_msg-605_Serenity_Found_photo.jpg,downloaded
2026-05-08,manojkumardahiya,606,photo,,evidence-files/manojkumardahiya/2026-05-08_msg-606_manojkumardahiya_photo.jpg,downloaded
2026-05-08,manojkumardahiya,607,photo,,evidence-files/manojkumardahiya/2026-05-08_msg-607_manojkumardahiya_photo.jpg,downloaded
2026-05-08,manojkumardahiya,608,photo,This @aipageonig is stuck here. No matter how many times I upload my selfie.,evidence-files/manojkumardahiya/2026-05-08_msg-608_manojkumardahiya_photo.jpg,downloaded
2026-05-08,manojkumardahiya,610,photo,@wealthpageonig got suspended immediately.,evidence-files/manojkumardahiya/2026-05-08_msg-610_manojkumardahiya_photo.jpg,downloaded
2026-05-08,manojkumardahiya,607,photo,Got appeal results after about 2 weeks.,evidence-files/manojkumardahiya/2026-05-08_msg-607_manojkumardahiya_photo.jpg,downloaded
2026-05-08,manojkumardahiya,614,photo,Only this page I didn’t appealed yet.,evidence-files/manojkumardahiya/2026-05-08_msg-614_manojkumardahiya_photo.jpg,downloaded
2026-05-08,manojkumardahiya,617,photo,Page was banned on 3 May and these cute support guys are still working on my case 😂😂,evidence-files/manojkumardahiya/2026-05-08_msg-617_manojkumardahiya_photo.jpg,downloaded
2026-05-08,manojkumardahiya,618,photo,,evidence-files/manojkumardahiya/2026-05-08_msg-618_manojkumardahiya_photo.jpg,downloaded
2026-05-08,LukeGosseling,636,photo,"Right now there’s also this thing that people send you scam links like this, if you click it your accounts can get banned   Happened to a guy I know",evidence-files/LukeGosseling/2026-05-08_msg-636_LukeGosseling_photo.jpg,downloaded
2026-05-08,LukeGosseling,637,photo,This was one of the numbers who was sending those links,evidence-files/LukeGosseling/2026-05-08_msg-637_LukeGosseling_photo.jpg,downloaded
2026-05-08,manojkumardahiya,643,photo,🥸,evidence-files/manojkumardahiya/2026-05-08_msg-643_manojkumardahiya_photo.jpg,downloaded
2026-05-09,mrgusx,664,photo,,evidence-files/mrgusx/2026-05-09_msg-664_mrgusx_photo.jpg,downloaded
2026-05-09,LukeGosseling,737,photo,Here's what happened with me until now:  I own @mindsetraptors that had 1.5M followers.  I posted an ad for @paulhilse 4nd of may. I received a strike from paulhilse@outlook.com (fake email) on 5th  may and to me this was the second copyright i got and took down my page.  Besides that I have @forthinkingminds 840k get taken down and back up for integrity and it just won’t stay up since last week even tho I don’t appeal or use a rep  Besides that I have @hustling.millionaires 658k and createimpro,evidence-files/LukeGosseling/2026-05-09_msg-737_LukeGosseling_photo.jpg,downloaded
2026-05-09,LukeGosseling,738,photo,,evidence-files/LukeGosseling/2026-05-09_msg-738_LukeGosseling_photo.jpg,downloaded
2026-05-09,LukeGosseling,739,photo,,evidence-files/LukeGosseling/2026-05-09_msg-739_LukeGosseling_photo.jpg,downloaded
2026-05-09,manojkumardahiya,758,photo,,evidence-files/manojkumardahiya/2026-05-09_msg-758_manojkumardahiya_photo.jpg,downloaded
2026-05-09,LukeGosseling,768,photo,Another one.,evidence-files/LukeGosseling/2026-05-09_msg-768_LukeGosseling_photo.jpg,downloaded
2026-05-10,jacobv,777,photo,,evidence-files/jacobv/2026-05-10_msg-777_jacobv_photo.jpg,downloaded
2026-05-10,jacobv,778,photo,,evidence-files/jacobv/2026-05-10_msg-778_jacobv_photo.jpg,downloaded
2026-05-10,jacobv,779,photo,,evidence-files/jacobv/2026-05-10_msg-779_jacobv_photo.jpg,downloaded
2026-05-10,jacobv,780,photo,,evidence-files/jacobv/2026-05-10_msg-780_jacobv_photo.jpg,downloaded
2026-05-10,RudiR,796,photo,"Hello guys, I’m the owner of entreprneurinsights. I had 2 fake copyright strikes, one was one video about Donald Trump talking, it was from Kiyosaki‘s channel and someone made an outlook email, pretending to be hotmanparis (lawyer from Indonesia) which is weird because it was a video from kiyosaki, not even from him. The other one was a promo for emotionlesstrades. Same thing fake email and got a copyright strike.",evidence-files/RudiR/2026-05-10_msg-796_RudiR_photo.jpg,downloaded
2026-05-10,RudiR,797,photo,,evidence-files/RudiR/2026-05-10_msg-797_RudiR_photo.jpg,downloaded
2026-05-10,RudiR,798,photo,,evidence-files/RudiR/2026-05-10_msg-798_RudiR_photo.jpg,downloaded
2026-05-10,carvideos_ig,846,photo,,evidence-files/carvideos_ig/2026-05-10_msg-846_carvideos_ig_photo.jpg,downloaded
2026-05-10,carvideos_ig,847,photo,,evidence-files/carvideos_ig/2026-05-10_msg-847_carvideos_ig_photo.jpg,downloaded
2026-05-10,carvideos_ig,848,photo,,evidence-files/carvideos_ig/2026-05-10_msg-848_carvideos_ig_photo.jpg,downloaded
2026-05-10,carvideos_ig,852,photo,,evidence-files/carvideos_ig/2026-05-10_msg-852_carvideos_ig_photo.jpg,downloaded
2026-05-10,carvideos_ig,859,photo,,evidence-files/carvideos_ig/2026-05-10_msg-859_carvideos_ig_photo.jpg,downloaded
2026-05-10,carvideos_ig,862,photo,,evidence-files/carvideos_ig/2026-05-10_msg-862_carvideos_ig_photo.jpg,downloaded
2026-05-10,carvideos_ig,878,photo,,evidence-files/carvideos_ig/2026-05-10_msg-878_carvideos_ig_photo.jpg,downloaded
2026-05-10,LukeGosseling,883,photo,"My account that was banned for integrity came back again after a day, I’m in this loop rn where it gets banned, then comes back and gotta change my password",evidence-files/LukeGosseling/2026-05-10_msg-883_LukeGosseling_photo.jpg,downloaded
2026-05-10,carvideos_ig,887,photo,,evidence-files/carvideos_ig/2026-05-10_msg-887_carvideos_ig_photo.jpg,downloaded
2026-05-11,carvideos_ig,905,photo,,evidence-files/carvideos_ig/2026-05-11_msg-905_carvideos_ig_photo.jpg,downloaded
2026-05-11,carvideos_ig,913,photo,,evidence-files/carvideos_ig/2026-05-11_msg-913_carvideos_ig_photo.jpg,downloaded
2026-05-11,carvideos_ig,914,photo,,evidence-files/carvideos_ig/2026-05-11_msg-914_carvideos_ig_photo.jpg,downloaded
2026-05-12,chunc,1012,photo,,evidence-files/chunc/2026-05-12_msg-1012_chunc_photo.jpg,downloaded
2026-05-12,chunc,1013,photo,,evidence-files/chunc/2026-05-12_msg-1013_chunc_photo.jpg,downloaded
2026-05-12,carvideos_ig,1023,photo,,evidence-files/carvideos_ig/2026-05-12_msg-1023_carvideos_ig_photo.jpg,downloaded
2026-05-12,succylz,1030,photo,"Anybody know how to fix this, personal account, no previously deleted posts, used it for commenting on other accounts without anything spammy just to like pin comments. Got disabled for “not following community guidelines “",evidence-files/succylz/2026-05-12_msg-1030_succylz_photo.jpg,downloaded
2026-05-12,carvideos_ig,1038,photo,,evidence-files/carvideos_ig/2026-05-12_msg-1038_carvideos_ig_photo.jpg,downloaded
2026-05-13,realasitgetshh,1059,document,,evidence-files/realasitgetshh/2026-05-13_msg-1059_realasitgetshh_document.pdf,downloaded
2026-05-16,mehdiddi,1091,photo,"Hi guys,  My account has been suspended for no reason, no copyright pr anything   My content is very respectful and 100% self made  I used to have 7 pages of over 7 Million followers   In under 1 week, I lost them all!  It’s very unfortunate what meta is doing to us",evidence-files/mehdiddi/2026-05-16_msg-1091_mehdiddi_photo.jpg,downloaded
2026-05-16,TheMcFreakery,1095,photo,,evidence-files/TheMcFreakery/2026-05-16_msg-1095_TheMcFreakery_photo.jpg,downloaded
2026-05-16,TheMcFreakery,1096,photo,,evidence-files/TheMcFreakery/2026-05-16_msg-1096_TheMcFreakery_photo.jpg,downloaded
2026-05-17,ralphklipper,1106,photo,,evidence-files/ralphklipper/2026-05-17_msg-1106_ralphklipper_photo.jpg,downloaded
2026-05-17,jacobv,1115,photo,,evidence-files/jacobv/2026-05-17_msg-1115_jacobv_photo.jpg,downloaded
2026-05-17,hamid_elmoussaoui,1120,document,,evidence-files/hamid_elmoussaoui/2026-05-17_msg-1120_hamid_elmoussaoui_document.zip,downloaded
2026-05-17,hamid_elmoussaoui,1121,document,,evidence-files/hamid_elmoussaoui/2026-05-17_msg-1121_hamid_elmoussaoui_document.zip,downloaded
2026-05-17,hamid_elmoussaoui,1122,document,,,download failed: HTTP Error 400: Bad Request
2026-05-17,hamid_elmoussaoui,1123,document,,evidence-files/hamid_elmoussaoui/2026-05-17_msg-1123_hamid_elmoussaoui_document.zip,downloaded
2026-05-20,mehdiddi,1133,photo,"Guys,  I appealed, and they disabled my account   It was not copyright or anything, just integrity   We post our own content, and don’t follow the guidelines   Please if anyone can help, since that’s my main account that gives me the income to sustain my life and family and have been building this for almost 8 years now",evidence-files/mehdiddi/2026-05-20_msg-1133_mehdiddi_photo.jpg,downloaded
2026-05-20,mehdiddi,1133,photo,"Guys,  I appealed, and they disabled my account   It was not copyright or anything, just integrity   We post our own content, and do follow the guidelines   Please if anyone can help, since that’s my main account that gives me the income to sustain my life and family and have been building this for almost 8 years now",evidence-files/mehdiddi/2026-05-20_msg-1133_mehdiddi_photo.jpg,downloaded
2026-05-20,amex,1134,photo,"A friend of mine also got banned for integrity randomly, on a private, inactive account   He hasn’t used the account in over five whole years it was locked by two factor authentication which he lost now recently I told him to check it  It was BANNED, I already guessed the ban reason would be account integrity and I told him to check it and my gut feeling was correct",evidence-files/amex/2026-05-20_msg-1134_amex_photo.jpg,downloaded
2026-05-21,mrgusx,1143,photo,,evidence-files/mrgusx/2026-05-21_msg-1143_mrgusx_photo.jpg,downloaded
2026-05-21,mrgusx,1152,photo,,evidence-files/mrgusx/2026-05-21_msg-1152_mrgusx_photo.jpg,downloaded
2026-05-22,mambascout,1194,photo,,evidence-files/mambascout/2026-05-22_msg-1194_mambascout_photo.jpg,downloaded
2026-05-22,vlatkovlad,1259,photo,,evidence-files/vlatkovlad/2026-05-22_msg-1259_vlatkovlad_photo.jpg,downloaded
2026-05-22,vlatkovlad,1270,photo,,evidence-files/vlatkovlad/2026-05-22_msg-1270_vlatkovlad_photo.jpg,downloaded
2026-05-23,carvideos_ig,1283,photo,,evidence-files/carvideos_ig/2026-05-23_msg-1283_carvideos_ig_photo.jpg,downloaded
2026-05-23,vlatkovlad,1289,photo,,evidence-files/vlatkovlad/2026-05-23_msg-1289_vlatkovlad_photo.jpg,downloaded
2026-05-26,mrgusx,1364,video,,evidence-files/mrgusx/2026-05-26_msg-1364_mrgusx_video.MP4,downloaded
2026-05-27,igdann,1366,photo,"Hey guys,   This morning we had our businesses account suspended following a coordinated impersonation attack.   Just looking for some advice/ if you’ve had a similar experience please reach out",evidence-files/igdann/2026-05-27_msg-1366_igdann_photo.jpg,downloaded
2026-05-27,igdann,1367,photo,,evidence-files/igdann/2026-05-27_msg-1367_igdann_photo.jpg,downloaded
2026-05-27,igdann,1368,photo,,evidence-files/igdann/2026-05-27_msg-1368_igdann_photo.jpg,downloaded
2026-06-01,feedwork,1401,photo,,evidence-files/feedwork/2026-06-01_msg-1401_feedwork_photo.jpg,downloaded
2026-06-03,amex,1413,video,,evidence-files/amex/2026-06-03_msg-1413_amex_video.MOV,downloaded
2026-06-04,igdann,1441,photo,May be worth reaching out to the article writer with our story,evidence-files/igdann/2026-06-04_msg-1441_igdann_photo.jpg,downloaded
2026-06-05,carvideos_ig,1444,photo,,evidence-files/carvideos_ig/2026-06-05_msg-1444_carvideos_ig_photo.jpg,downloaded
2026-06-05,thewealthsocial,1445,photo,,evidence-files/thewealthsocial/2026-06-05_msg-1445_thewealthsocial_photo.jpg,downloaded
2026-06-05,thewealthsocial,1446,photo,,evidence-files/thewealthsocial/2026-06-05_msg-1446_thewealthsocial_photo.jpg,downloaded
2026-06-05,thewealthsocial,1447,photo,,evidence-files/thewealthsocial/2026-06-05_msg-1447_thewealthsocial_photo.jpg,downloaded
2026-06-05,thewealthsocial,1448,photo,,evidence-files/thewealthsocial/2026-06-05_msg-1448_thewealthsocial_photo.jpg,downloaded
2026-06-05,thewealthsocial,1449,photo,,evidence-files/thewealthsocial/2026-06-05_msg-1449_thewealthsocial_photo.jpg,downloaded
2026-06-06,mrgusx,1469,photo,,evidence-files/mrgusx/2026-06-06_msg-1469_mrgusx_photo.jpg,downloaded
